FREQ,Frequenza,REF_AREA,Territorio,DATA_TYPE,Indicatore,MEASURE,Misura,TIME_PERIOD,Osservazione,OBS_STATUS,'Stato dell"'osservazione'
A,Annuale,IT,Italia,14_FUMO_SI,Persone di 14 anni e più per abitudine al fumo: fumatori,THV,Valori in migliaia,2001,11611,,
A,Annuale,IT,Italia,14_FUMO_SI,Persone di 14 anni e più per abitudine al fumo: fumatori,THV,Valori in migliaia,2002,11614,,
A,Annuale,IT,Italia,14_FUMO_SI,Persone di 14 anni e più per abitudine al fumo: fumatori,THV,Valori in migliaia,2003,11812,,
A,Annuale,IT,Italia,14_FUMO_SI,Persone di 14 anni e più per abitudine al fumo: fumatori,THV,Valori in migliaia,2005,11103,,
A,Annuale,IT,Italia,14_FUMO_SI,Persone di 14 anni e più per abitudine al fumo: fumatori,THV,Valori in migliaia,2006,11507,,
A,Annuale,IT,Italia,14_FUMO_SI,Persone di 14 anni e più per abitudine al fumo: fumatori,THV,Valori in migliaia,2007,11286,,
A,Annuale,IT,Italia,14_FUMO_SI,Persone di 14 anni e più per abitudine al fumo: fumatori,THV,Valori in migliaia,2008,11408,,
A,Annuale,IT,Italia,14_FUMO_SI,Persone di 14 anni e più per abitudine al fumo: fumatori,THV,Valori in migliaia,2009,11920,,
A,Annuale,IT,Italia,14_FUMO_SI,Persone di 14 anni e più per abitudine al fumo: fumatori,THV,Valori in migliaia,2010,11882,,
A,Annuale,IT,Italia,14_FUMO_SI,Persone di 14 anni e più per abitudine al fumo: fumatori,THV,Valori in migliaia,2011,11521,,
A,Annuale,IT,Italia,14_FUMO_SI,Persone di 14 anni e più per abitudine al fumo: fumatori,THV,Valori in migliaia,2012,11366,,
A,Annuale,IT,Italia,14_FUMO_SI,Persone di 14 anni e più per abitudine al fumo: fumatori,THV,Valori in migliaia,2013,10914,,
A,Annuale,IT,Italia,14_FUMO_SI,Persone di 14 anni e più per abitudine al fumo: fumatori,THV,Valori in migliaia,2014,10251,,
A,Annuale,IT,Italia,14_FUMO_SI,Persone di 14 anni e più per abitudine al fumo: fumatori,THV,Valori in migliaia,2015,10344,,
A,Annuale,IT,Italia,14_FUMO_SI,Persone di 14 anni e più per abitudine al fumo: fumatori,THV,Valori in migliaia,2016,10430,,
A,Annuale,IT,Italia,14_FUMO_SI,Persone di 14 anni e più per abitudine al fumo: fumatori,THV,Valori in migliaia,2017,10366,,
A,Annuale,IT,Italia,14_FUMO_SI,Persone di 14 anni e più per abitudine al fumo: fumatori,THV,Valori in migliaia,2018,10005,,
A,Annuale,IT,Italia,14_FUMO_SI,Persone di 14 anni e più per abitudine al fumo: fumatori,THV,Valori in migliaia,2019,9708,,
A,Annuale,IT,Italia,14_FUMO_SI,Persone di 14 anni e più per abitudine al fumo: fumatori,THV,Valori in migliaia,2020,9796,,
A,Annuale,IT,Italia,14_FUMO_SI,Persone di 14 anni e più per abitudine al fumo: fumatori,THV,Valori in migliaia,2021,9958,,
A,Annuale,IT,Italia,14_FUMO_SI,Persone di 14 anni e più per abitudine al fumo: fumatori,THV,Valori in migliaia,2022,10140,,
A,Annuale,IT,Italia,14_FUMO_SI,Persone di 14 anni e più per abitudine al fumo: fumatori,THV,Valori in migliaia,2023,9971,,
A,Annuale,IT,Italia,14_FUMO_SI,Persone di 14 anni e più per abitudine al fumo: fumatori,THV,Valori in migliaia,2024,10279,,
A,Annuale,IT,Italia,14_FUMO_SI,Persone di 14 anni e più per abitudine al fumo: fumatori,HSC,Per 100 persone con le stesse caratteristiche,2001,23.7,,
A,Annuale,IT,Italia,14_FUMO_SI,Persone di 14 anni e più per abitudine al fumo: fumatori,HSC,Per 100 persone con le stesse caratteristiche,2002,23.6,,
A,Annuale,IT,Italia,14_FUMO_SI,Persone di 14 anni e più per abitudine al fumo: fumatori,HSC,Per 100 persone con le stesse caratteristiche,2003,23.8,,
A,Annuale,IT,Italia,14_FUMO_SI,Persone di 14 anni e più per abitudine al fumo: fumatori,HSC,Per 100 persone con le stesse caratteristiche,2005,22,,
A,Annuale,IT,Italia,14_FUMO_SI,Persone di 14 anni e più per abitudine al fumo: fumatori,HSC,Per 100 persone con le stesse caratteristiche,2006,22.7,,
A,Annuale,IT,Italia,14_FUMO_SI,Persone di 14 anni e più per abitudine al fumo: fumatori,HSC,Per 100 persone con le stesse caratteristiche,2007,22.1,,
A,Annuale,IT,Italia,14_FUMO_SI,Persone di 14 anni e più per abitudine al fumo: fumatori,HSC,Per 100 persone con le stesse caratteristiche,2008,22.2,,
A,Annuale,IT,Italia,14_FUMO_SI,Persone di 14 anni e più per abitudine al fumo: fumatori,HSC,Per 100 persone con le stesse caratteristiche,2009,23,,
A,Annuale,IT,Italia,14_FUMO_SI,Persone di 14 anni e più per abitudine al fumo: fumatori,HSC,Per 100 persone con le stesse caratteristiche,2010,22.8,,
A,Annuale,IT,Italia,14_FUMO_SI,Persone di 14 anni e più per abitudine al fumo: fumatori,HSC,Per 100 persone con le stesse caratteristiche,2011,22.3,,
A,Annuale,IT,Italia,14_FUMO_SI,Persone di 14 anni e più per abitudine al fumo: fumatori,HSC,Per 100 persone con le stesse caratteristiche,2012,21.9,,
A,Annuale,IT,Italia,14_FUMO_SI,Persone di 14 anni e più per abitudine al fumo: fumatori,HSC,Per 100 persone con le stesse caratteristiche,2013,20.9,,
A,Annuale,IT,Italia,14_FUMO_SI,Persone di 14 anni e più per abitudine al fumo: fumatori,HSC,Per 100 persone con le stesse caratteristiche,2014,19.5,,
A,Annuale,IT,Italia,14_FUMO_SI,Persone di 14 anni e più per abitudine al fumo: fumatori,HSC,Per 100 persone con le stesse caratteristiche,2015,19.6,,
A,Annuale,IT,Italia,14_FUMO_SI,Persone di 14 anni e più per abitudine al fumo: fumatori,HSC,Per 100 persone con le stesse caratteristiche,2016,19.8,,
A,Annuale,IT,Italia,14_FUMO_SI,Persone di 14 anni e più per abitudine al fumo: fumatori,HSC,Per 100 persone con le stesse caratteristiche,2017,19.7,,
A,Annuale,IT,Italia,14_FUMO_SI,Persone di 14 anni e più per abitudine al fumo: fumatori,HSC,Per 100 persone con le stesse caratteristiche,2018,19,,
A,Annuale,IT,Italia,14_FUMO_SI,Persone di 14 anni e più per abitudine al fumo: fumatori,HSC,Per 100 persone con le stesse caratteristiche,2019,18.4,,
A,Annuale,IT,Italia,14_FUMO_SI,Persone di 14 anni e più per abitudine al fumo: fumatori,HSC,Per 100 persone con le stesse caratteristiche,2020,18.6,,
A,Annuale,IT,Italia,14_FUMO_SI,Persone di 14 anni e più per abitudine al fumo: fumatori,HSC,Per 100 persone con le stesse caratteristiche,2021,19,,
A,Annuale,IT,Italia,14_FUMO_SI,Persone di 14 anni e più per abitudine al fumo: fumatori,HSC,Per 100 persone con le stesse caratteristiche,2022,19.6,,
A,Annuale,IT,Italia,14_FUMO_SI,Persone di 14 anni e più per abitudine al fumo: fumatori,HSC,Per 100 persone con le stesse caratteristiche,2023,19.3,,
A,Annuale,IT,Italia,14_FUMO_SI,Persone di 14 anni e più per abitudine al fumo: fumatori,HSC,Per 100 persone con le stesse caratteristiche,2024,19.8,,
A,Annuale,IT,Italia,14_FUMO_EX,Persone di 14 anni e più per abitudine al fumo: ex fumatori,THV,Valori in migliaia,2001,9898,,
A,Annuale,IT,Italia,14_FUMO_EX,Persone di 14 anni e più per abitudine al fumo: ex fumatori,THV,Valori in migliaia,2002,10220,,
A,Annuale,IT,Italia,14_FUMO_EX,Persone di 14 anni e più per abitudine al fumo: ex fumatori,THV,Valori in migliaia,2003,10495,,
A,Annuale,IT,Italia,14_FUMO_EX,Persone di 14 anni e più per abitudine al fumo: ex fumatori,THV,Valori in migliaia,2005,11292,,
A,Annuale,IT,Italia,14_FUMO_EX,Persone di 14 anni e più per abitudine al fumo: ex fumatori,THV,Valori in migliaia,2006,11572,,
A,Annuale,IT,Italia,14_FUMO_EX,Persone di 14 anni e più per abitudine al fumo: ex fumatori,THV,Valori in migliaia,2007,11470,,
A,Annuale,IT,Italia,14_FUMO_EX,Persone di 14 anni e più per abitudine al fumo: ex fumatori,THV,Valori in migliaia,2008,11780,,
A,Annuale,IT,Italia,14_FUMO_EX,Persone di 14 anni e più per abitudine al fumo: ex fumatori,THV,Valori in migliaia,2009,11665,,
A,Annuale,IT,Italia,14_FUMO_EX,Persone di 14 anni e più per abitudine al fumo: ex fumatori,THV,Valori in migliaia,2010,12184,,
A,Annuale,IT,Italia,14_FUMO_EX,Persone di 14 anni e più per abitudine al fumo: ex fumatori,THV,Valori in migliaia,2011,12109,,
A,Annuale,IT,Italia,14_FUMO_EX,Persone di 14 anni e più per abitudine al fumo: ex fumatori,THV,Valori in migliaia,2012,11798,,
A,Annuale,IT,Italia,14_FUMO_EX,Persone di 14 anni e più per abitudine al fumo: ex fumatori,THV,Valori in migliaia,2013,12171,,
A,Annuale,IT,Italia,14_FUMO_EX,Persone di 14 anni e più per abitudine al fumo: ex fumatori,THV,Valori in migliaia,2014,11877,,
A,Annuale,IT,Italia,14_FUMO_EX,Persone di 14 anni e più per abitudine al fumo: ex fumatori,THV,Valori in migliaia,2015,12029,,
A,Annuale,IT,Italia,14_FUMO_EX,Persone di 14 anni e più per abitudine al fumo: ex fumatori,THV,Valori in migliaia,2016,11878,,
A,Annuale,IT,Italia,14_FUMO_EX,Persone di 14 anni e più per abitudine al fumo: ex fumatori,THV,Valori in migliaia,2017,11953,,
A,Annuale,IT,Italia,14_FUMO_EX,Persone di 14 anni e più per abitudine al fumo: ex fumatori,THV,Valori in migliaia,2018,12342,,
A,Annuale,IT,Italia,14_FUMO_EX,Persone di 14 anni e più per abitudine al fumo: ex fumatori,THV,Valori in migliaia,2019,12116,,
A,Annuale,IT,Italia,14_FUMO_EX,Persone di 14 anni e più per abitudine al fumo: ex fumatori,THV,Valori in migliaia,2020,12269,,
A,Annuale,IT,Italia,14_FUMO_EX,Persone di 14 anni e più per abitudine al fumo: ex fumatori,THV,Valori in migliaia,2021,12579,,
A,Annuale,IT,Italia,14_FUMO_EX,Persone di 14 anni e più per abitudine al fumo: ex fumatori,THV,Valori in migliaia,2022,12055,,
A,Annuale,IT,Italia,14_FUMO_EX,Persone di 14 anni e più per abitudine al fumo: ex fumatori,THV,Valori in migliaia,2023,12653,,
A,Annuale,IT,Italia,14_FUMO_EX,Persone di 14 anni e più per abitudine al fumo: ex fumatori,THV,Valori in migliaia,2024,12254,,
A,Annuale,IT,Italia,14_FUMO_EX,Persone di 14 anni e più per abitudine al fumo: ex fumatori,HSC,Per 100 persone con le stesse caratteristiche,2001,20.2,,
A,Annuale,IT,Italia,14_FUMO_EX,Persone di 14 anni e più per abitudine al fumo: ex fumatori,HSC,Per 100 persone con le stesse caratteristiche,2002,20.8,,
A,Annuale,IT,Italia,14_FUMO_EX,Persone di 14 anni e più per abitudine al fumo: ex fumatori,HSC,Per 100 persone con le stesse caratteristiche,2003,21.1,,
A,Annuale,IT,Italia,14_FUMO_EX,Persone di 14 anni e più per abitudine al fumo: ex fumatori,HSC,Per 100 persone con le stesse caratteristiche,2005,22.4,,
A,Annuale,IT,Italia,14_FUMO_EX,Persone di 14 anni e più per abitudine al fumo: ex fumatori,HSC,Per 100 persone con le stesse caratteristiche,2006,22.8,,
A,Annuale,IT,Italia,14_FUMO_EX,Persone di 14 anni e più per abitudine al fumo: ex fumatori,HSC,Per 100 persone con le stesse caratteristiche,2007,22.5,,
A,Annuale,IT,Italia,14_FUMO_EX,Persone di 14 anni e più per abitudine al fumo: ex fumatori,HSC,Per 100 persone con le stesse caratteristiche,2008,22.9,,
A,Annuale,IT,Italia,14_FUMO_EX,Persone di 14 anni e più per abitudine al fumo: ex fumatori,HSC,Per 100 persone con le stesse caratteristiche,2009,22.5,,
A,Annuale,IT,Italia,14_FUMO_EX,Persone di 14 anni e più per abitudine al fumo: ex fumatori,HSC,Per 100 persone con le stesse caratteristiche,2010,23.4,,
A,Annuale,IT,Italia,14_FUMO_EX,Persone di 14 anni e più per abitudine al fumo: ex fumatori,HSC,Per 100 persone con le stesse caratteristiche,2011,23.4,,
A,Annuale,IT,Italia,14_FUMO_EX,Persone di 14 anni e più per abitudine al fumo: ex fumatori,HSC,Per 100 persone con le stesse caratteristiche,2012,22.7,,
A,Annuale,IT,Italia,14_FUMO_EX,Persone di 14 anni e più per abitudine al fumo: ex fumatori,HSC,Per 100 persone con le stesse caratteristiche,2013,23.3,,
A,Annuale,IT,Italia,14_FUMO_EX,Persone di 14 anni e più per abitudine al fumo: ex fumatori,HSC,Per 100 persone con le stesse caratteristiche,2014,22.6,,
A,Annuale,IT,Italia,14_FUMO_EX,Persone di 14 anni e più per abitudine al fumo: ex fumatori,HSC,Per 100 persone con le stesse caratteristiche,2015,22.8,,
A,Annuale,IT,Italia,14_FUMO_EX,Persone di 14 anni e più per abitudine al fumo: ex fumatori,HSC,Per 100 persone con le stesse caratteristiche,2016,22.6,,
A,Annuale,IT,Italia,14_FUMO_EX,Persone di 14 anni e più per abitudine al fumo: ex fumatori,HSC,Per 100 persone con le stesse caratteristiche,2017,22.7,,
A,Annuale,IT,Italia,14_FUMO_EX,Persone di 14 anni e più per abitudine al fumo: ex fumatori,HSC,Per 100 persone con le stesse caratteristiche,2018,23.4,,
A,Annuale,IT,Italia,14_FUMO_EX,Persone di 14 anni e più per abitudine al fumo: ex fumatori,HSC,Per 100 persone con le stesse caratteristiche,2019,23,,
A,Annuale,IT,Italia,14_FUMO_EX,Persone di 14 anni e più per abitudine al fumo: ex fumatori,HSC,Per 100 persone con le stesse caratteristiche,2020,23.3,,
A,Annuale,IT,Italia,14_FUMO_EX,Persone di 14 anni e più per abitudine al fumo: ex fumatori,HSC,Per 100 persone con le stesse caratteristiche,2021,24,,
A,Annuale,IT,Italia,14_FUMO_EX,Persone di 14 anni e più per abitudine al fumo: ex fumatori,HSC,Per 100 persone con le stesse caratteristiche,2022,23.3,,
A,Annuale,IT,Italia,14_FUMO_EX,Persone di 14 anni e più per abitudine al fumo: ex fumatori,HSC,Per 100 persone con le stesse caratteristiche,2023,24.5,,
A,Annuale,IT,Italia,14_FUMO_EX,Persone di 14 anni e più per abitudine al fumo: ex fumatori,HSC,Per 100 persone con le stesse caratteristiche,2024,23.5,,
A,Annuale,IT,Italia,14_FUMO_NO,Persone di 14 anni e più per abitudine al fumo: non fumatori,THV,Valori in migliaia,2001,26482,,
A,Annuale,IT,Italia,14_FUMO_NO,Persone di 14 anni e più per abitudine al fumo: non fumatori,THV,Valori in migliaia,2002,26449,,
A,Annuale,IT,Italia,14_FUMO_NO,Persone di 14 anni e più per abitudine al fumo: non fumatori,THV,Valori in migliaia,2003,26325,,
A,Annuale,IT,Italia,14_FUMO_NO,Persone di 14 anni e più per abitudine al fumo: non fumatori,THV,Valori in migliaia,2005,26797,,
A,Annuale,IT,Italia,14_FUMO_NO,Persone di 14 anni e più per abitudine al fumo: non fumatori,THV,Valori in migliaia,2006,26647,,
A,Annuale,IT,Italia,14_FUMO_NO,Persone di 14 anni e più per abitudine al fumo: non fumatori,THV,Valori in migliaia,2007,27155,,
A,Annuale,IT,Italia,14_FUMO_NO,Persone di 14 anni e più per abitudine al fumo: non fumatori,THV,Valori in migliaia,2008,27173,,
A,Annuale,IT,Italia,14_FUMO_NO,Persone di 14 anni e più per abitudine al fumo: non fumatori,THV,Valori in migliaia,2009,27110,,
A,Annuale,IT,Italia,14_FUMO_NO,Persone di 14 anni e più per abitudine al fumo: non fumatori,THV,Valori in migliaia,2010,27038,,
A,Annuale,IT,Italia,14_FUMO_NO,Persone di 14 anni e più per abitudine al fumo: non fumatori,THV,Valori in migliaia,2011,27298,,
A,Annuale,IT,Italia,14_FUMO_NO,Persone di 14 anni e più per abitudine al fumo: non fumatori,THV,Valori in migliaia,2012,28162,,
A,Annuale,IT,Italia,14_FUMO_NO,Persone di 14 anni e più per abitudine al fumo: non fumatori,THV,Valori in migliaia,2013,28643,,
A,Annuale,IT,Italia,14_FUMO_NO,Persone di 14 anni e più per abitudine al fumo: non fumatori,THV,Valori in migliaia,2014,29686,,
A,Annuale,IT,Italia,14_FUMO_NO,Persone di 14 anni e più per abitudine al fumo: non fumatori,THV,Valori in migliaia,2015,29678,,
A,Annuale,IT,Italia,14_FUMO_NO,Persone di 14 anni e più per abitudine al fumo: non fumatori,THV,Valori in migliaia,2016,29556,,
A,Annuale,IT,Italia,14_FUMO_NO,Persone di 14 anni e più per abitudine al fumo: non fumatori,THV,Valori in migliaia,2017,29708,,
A,Annuale,IT,Italia,14_FUMO_NO,Persone di 14 anni e più per abitudine al fumo: non fumatori,THV,Valori in migliaia,2018,29821,,
A,Annuale,IT,Italia,14_FUMO_NO,Persone di 14 anni e più per abitudine al fumo: non fumatori,THV,Valori in migliaia,2019,30214,,
A,Annuale,IT,Italia,14_FUMO_NO,Persone di 14 anni e più per abitudine al fumo: non fumatori,THV,Valori in migliaia,2020,29714,,
A,Annuale,IT,Italia,14_FUMO_NO,Persone di 14 anni e più per abitudine al fumo: non fumatori,THV,Valori in migliaia,2021,29214,,
A,Annuale,IT,Italia,14_FUMO_NO,Persone di 14 anni e più per abitudine al fumo: non fumatori,THV,Valori in migliaia,2022,29071,,
A,Annuale,IT,Italia,14_FUMO_NO,Persone di 14 anni e più per abitudine al fumo: non fumatori,THV,Valori in migliaia,2023,28686,,
A,Annuale,IT,Italia,14_FUMO_NO,Persone di 14 anni e più per abitudine al fumo: non fumatori,THV,Valori in migliaia,2024,28753,,
A,Annuale,IT,Italia,14_FUMO_NO,Persone di 14 anni e più per abitudine al fumo: non fumatori,HSC,Per 100 persone con le stesse caratteristiche,2001,54,,
A,Annuale,IT,Italia,14_FUMO_NO,Persone di 14 anni e più per abitudine al fumo: non fumatori,HSC,Per 100 persone con le stesse caratteristiche,2002,53.7,,
A,Annuale,IT,Italia,14_FUMO_NO,Persone di 14 anni e più per abitudine al fumo: non fumatori,HSC,Per 100 persone con le stesse caratteristiche,2003,53,,
A,Annuale,IT,Italia,14_FUMO_NO,Persone di 14 anni e più per abitudine al fumo: non fumatori,HSC,Per 100 persone con le stesse caratteristiche,2005,53.2,,
A,Annuale,IT,Italia,14_FUMO_NO,Persone di 14 anni e più per abitudine al fumo: non fumatori,HSC,Per 100 persone con le stesse caratteristiche,2006,52.6,,
A,Annuale,IT,Italia,14_FUMO_NO,Persone di 14 anni e più per abitudine al fumo: non fumatori,HSC,Per 100 persone con le stesse caratteristiche,2007,53.2,,
A,Annuale,IT,Italia,14_FUMO_NO,Persone di 14 anni e più per abitudine al fumo: non fumatori,HSC,Per 100 persone con le stesse caratteristiche,2008,52.9,,
A,Annuale,IT,Italia,14_FUMO_NO,Persone di 14 anni e più per abitudine al fumo: non fumatori,HSC,Per 100 persone con le stesse caratteristiche,2009,52.4,,
A,Annuale,IT,Italia,14_FUMO_NO,Persone di 14 anni e più per abitudine al fumo: non fumatori,HSC,Per 100 persone con le stesse caratteristiche,2010,52,,
A,Annuale,IT,Italia,14_FUMO_NO,Persone di 14 anni e più per abitudine al fumo: non fumatori,HSC,Per 100 persone con le stesse caratteristiche,2011,52.7,,
A,Annuale,IT,Italia,14_FUMO_NO,Persone di 14 anni e più per abitudine al fumo: non fumatori,HSC,Per 100 persone con le stesse caratteristiche,2012,54.2,,
A,Annuale,IT,Italia,14_FUMO_NO,Persone di 14 anni e più per abitudine al fumo: non fumatori,HSC,Per 100 persone con le stesse caratteristiche,2013,54.7,,
A,Annuale,IT,Italia,14_FUMO_NO,Persone di 14 anni e più per abitudine al fumo: non fumatori,HSC,Per 100 persone con le stesse caratteristiche,2014,56.4,,
A,Annuale,IT,Italia,14_FUMO_NO,Persone di 14 anni e più per abitudine al fumo: non fumatori,HSC,Per 100 persone con le stesse caratteristiche,2015,56.3,,
A,Annuale,IT,Italia,14_FUMO_NO,Persone di 14 anni e più per abitudine al fumo: non fumatori,HSC,Per 100 persone con le stesse caratteristiche,2016,56.1,,
A,Annuale,IT,Italia,14_FUMO_NO,Persone di 14 anni e più per abitudine al fumo: non fumatori,HSC,Per 100 persone con le stesse caratteristiche,2017,56.4,,
A,Annuale,IT,Italia,14_FUMO_NO,Persone di 14 anni e più per abitudine al fumo: non fumatori,HSC,Per 100 persone con le stesse caratteristiche,2018,56.6,,
A,Annuale,IT,Italia,14_FUMO_NO,Persone di 14 anni e più per abitudine al fumo: non fumatori,HSC,Per 100 persone con le stesse caratteristiche,2019,57.4,,
A,Annuale,IT,Italia,14_FUMO_NO,Persone di 14 anni e più per abitudine al fumo: non fumatori,HSC,Per 100 persone con le stesse caratteristiche,2020,56.5,,
A,Annuale,IT,Italia,14_FUMO_NO,Persone di 14 anni e più per abitudine al fumo: non fumatori,HSC,Per 100 persone con le stesse caratteristiche,2021,55.7,,
A,Annuale,IT,Italia,14_FUMO_NO,Persone di 14 anni e più per abitudine al fumo: non fumatori,HSC,Per 100 persone con le stesse caratteristiche,2022,56.1,,
A,Annuale,IT,Italia,14_FUMO_NO,Persone di 14 anni e più per abitudine al fumo: non fumatori,HSC,Per 100 persone con le stesse caratteristiche,2023,55.4,,
A,Annuale,IT,Italia,14_FUMO_NO,Persone di 14 anni e più per abitudine al fumo: non fumatori,HSC,Per 100 persone con le stesse caratteristiche,2024,55.3,,
A,Annuale,IT,Italia,14_FUMO_SS,Persone di 14 anni e più fumatori che fumano sigarette,THV,Valori in migliaia,2001,11350,,
A,Annuale,IT,Italia,14_FUMO_SS,Persone di 14 anni e più fumatori che fumano sigarette,THV,Valori in migliaia,2002,11088,,
A,Annuale,IT,Italia,14_FUMO_SS,Persone di 14 anni e più fumatori che fumano sigarette,THV,Valori in migliaia,2003,11473,,
A,Annuale,IT,Italia,14_FUMO_SS,Persone di 14 anni e più fumatori che fumano sigarette,THV,Valori in migliaia,2005,10822,,
A,Annuale,IT,Italia,14_FUMO_SS,Persone di 14 anni e più fumatori che fumano sigarette,THV,Valori in migliaia,2006,11263,,
A,Annuale,IT,Italia,14_FUMO_SS,Persone di 14 anni e più fumatori che fumano sigarette,THV,Valori in migliaia,2007,11099,,
A,Annuale,IT,Italia,14_FUMO_SS,Persone di 14 anni e più fumatori che fumano sigarette,THV,Valori in migliaia,2008,11195,,
A,Annuale,IT,Italia,14_FUMO_SS,Persone di 14 anni e più fumatori che fumano sigarette,THV,Valori in migliaia,2009,11720,,
A,Annuale,IT,Italia,14_FUMO_SS,Persone di 14 anni e più fumatori che fumano sigarette,THV,Valori in migliaia,2010,11682,,
A,Annuale,IT,Italia,14_FUMO_SS,Persone di 14 anni e più fumatori che fumano sigarette,THV,Valori in migliaia,2011,11280,,
A,Annuale,IT,Italia,14_FUMO_SS,Persone di 14 anni e più fumatori che fumano sigarette,THV,Valori in migliaia,2012,11145,,
A,Annuale,IT,Italia,14_FUMO_SS,Persone di 14 anni e più fumatori che fumano sigarette,THV,Valori in migliaia,2013,10690,,
A,Annuale,IT,Italia,14_FUMO_SS,Persone di 14 anni e più fumatori che fumano sigarette,THV,Valori in migliaia,2014,10003,,
A,Annuale,IT,Italia,14_FUMO_SS,Persone di 14 anni e più fumatori che fumano sigarette,THV,Valori in migliaia,2015,10089,,
A,Annuale,IT,Italia,14_FUMO_SS,Persone di 14 anni e più fumatori che fumano sigarette,THV,Valori in migliaia,2016,10121,,
A,Annuale,IT,Italia,14_FUMO_SS,Persone di 14 anni e più fumatori che fumano sigarette,THV,Valori in migliaia,2017,10122,,
A,Annuale,IT,Italia,14_FUMO_SS,Persone di 14 anni e più fumatori che fumano sigarette,THV,Valori in migliaia,2018,9787,,
A,Annuale,IT,Italia,14_FUMO_SS,Persone di 14 anni e più fumatori che fumano sigarette,THV,Valori in migliaia,2019,9448,,
A,Annuale,IT,Italia,14_FUMO_SS,Persone di 14 anni e più fumatori che fumano sigarette,THV,Valori in migliaia,2020,9543,,
A,Annuale,IT,Italia,14_FUMO_SS,Persone di 14 anni e più fumatori che fumano sigarette,THV,Valori in migliaia,2021,9651,,
A,Annuale,IT,Italia,14_FUMO_SS,Persone di 14 anni e più fumatori che fumano sigarette,THV,Valori in migliaia,2022,9879,,
A,Annuale,IT,Italia,14_FUMO_SS,Persone di 14 anni e più fumatori che fumano sigarette,THV,Valori in migliaia,2023,9722,,
A,Annuale,IT,Italia,14_FUMO_SS,Persone di 14 anni e più fumatori che fumano sigarette,THV,Valori in migliaia,2024,10012,,
A,Annuale,IT,Italia,14_FUMO_SS,Persone di 14 anni e più fumatori che fumano sigarette,HSC,Per 100 persone con le stesse caratteristiche,2001,97.8,,
A,Annuale,IT,Italia,14_FUMO_SS,Persone di 14 anni e più fumatori che fumano sigarette,HSC,Per 100 persone con le stesse caratteristiche,2002,95.5,,
A,Annuale,IT,Italia,14_FUMO_SS,Persone di 14 anni e più fumatori che fumano sigarette,HSC,Per 100 persone con le stesse caratteristiche,2003,97.1,,
A,Annuale,IT,Italia,14_FUMO_SS,Persone di 14 anni e più fumatori che fumano sigarette,HSC,Per 100 persone con le stesse caratteristiche,2005,97.5,,
A,Annuale,IT,Italia,14_FUMO_SS,Persone di 14 anni e più fumatori che fumano sigarette,HSC,Per 100 persone con le stesse caratteristiche,2006,97.9,,
A,Annuale,IT,Italia,14_FUMO_SS,Persone di 14 anni e più fumatori che fumano sigarette,HSC,Per 100 persone con le stesse caratteristiche,2007,98.3,,
A,Annuale,IT,Italia,14_FUMO_SS,Persone di 14 anni e più fumatori che fumano sigarette,HSC,Per 100 persone con le stesse caratteristiche,2008,98.1,,
A,Annuale,IT,Italia,14_FUMO_SS,Persone di 14 anni e più fumatori che fumano sigarette,HSC,Per 100 persone con le stesse caratteristiche,2009,98.3,,
A,Annuale,IT,Italia,14_FUMO_SS,Persone di 14 anni e più fumatori che fumano sigarette,HSC,Per 100 persone con le stesse caratteristiche,2010,98.3,,
A,Annuale,IT,Italia,14_FUMO_SS,Persone di 14 anni e più fumatori che fumano sigarette,HSC,Per 100 persone con le stesse caratteristiche,2011,97.9,,
A,Annuale,IT,Italia,14_FUMO_SS,Persone di 14 anni e più fumatori che fumano sigarette,HSC,Per 100 persone con le stesse caratteristiche,2012,98.1,,
A,Annuale,IT,Italia,14_FUMO_SS,Persone di 14 anni e più fumatori che fumano sigarette,HSC,Per 100 persone con le stesse caratteristiche,2013,98,,
A,Annuale,IT,Italia,14_FUMO_SS,Persone di 14 anni e più fumatori che fumano sigarette,HSC,Per 100 persone con le stesse caratteristiche,2014,97.6,,
A,Annuale,IT,Italia,14_FUMO_SS,Persone di 14 anni e più fumatori che fumano sigarette,HSC,Per 100 persone con le stesse caratteristiche,2015,97.5,,
A,Annuale,IT,Italia,14_FUMO_SS,Persone di 14 anni e più fumatori che fumano sigarette,HSC,Per 100 persone con le stesse caratteristiche,2016,97,,
A,Annuale,IT,Italia,14_FUMO_SS,Persone di 14 anni e più fumatori che fumano sigarette,HSC,Per 100 persone con le stesse caratteristiche,2017,97.6,,
A,Annuale,IT,Italia,14_FUMO_SS,Persone di 14 anni e più fumatori che fumano sigarette,HSC,Per 100 persone con le stesse caratteristiche,2018,97.8,,
A,Annuale,IT,Italia,14_FUMO_SS,Persone di 14 anni e più fumatori che fumano sigarette,HSC,Per 100 persone con le stesse caratteristiche,2019,97.3,,
A,Annuale,IT,Italia,14_FUMO_SS,Persone di 14 anni e più fumatori che fumano sigarette,HSC,Per 100 persone con le stesse caratteristiche,2020,97.4,,
A,Annuale,IT,Italia,14_FUMO_SS,Persone di 14 anni e più fumatori che fumano sigarette,HSC,Per 100 persone con le stesse caratteristiche,2021,96.9,,
A,Annuale,IT,Italia,14_FUMO_SS,Persone di 14 anni e più fumatori che fumano sigarette,HSC,Per 100 persone con le stesse caratteristiche,2022,97.4,,
A,Annuale,IT,Italia,14_FUMO_SS,Persone di 14 anni e più fumatori che fumano sigarette,HSC,Per 100 persone con le stesse caratteristiche,2023,97.5,,
A,Annuale,IT,Italia,14_FUMO_SS,Persone di 14 anni e più fumatori che fumano sigarette,HSC,Per 100 persone con le stesse caratteristiche,2024,97.4,,
A,Annuale,IT,Italia,14_FUMO_SIGAR_5,Persone di 14 anni e più fumatori per sigarette fumate: fino a 5 sigarette,THV,Valori in migliaia,2001,1702,,
A,Annuale,IT,Italia,14_FUMO_SIGAR_5,Persone di 14 anni e più fumatori per sigarette fumate: fino a 5 sigarette,THV,Valori in migliaia,2002,1777,,
A,Annuale,IT,Italia,14_FUMO_SIGAR_5,Persone di 14 anni e più fumatori per sigarette fumate: fino a 5 sigarette,THV,Valori in migliaia,2003,1986,,
A,Annuale,IT,Italia,14_FUMO_SIGAR_5,Persone di 14 anni e più fumatori per sigarette fumate: fino a 5 sigarette,THV,Valori in migliaia,2005,2114,,
A,Annuale,IT,Italia,14_FUMO_SIGAR_5,Persone di 14 anni e più fumatori per sigarette fumate: fino a 5 sigarette,THV,Valori in migliaia,2006,2073,,
A,Annuale,IT,Italia,14_FUMO_SIGAR_5,Persone di 14 anni e più fumatori per sigarette fumate: fino a 5 sigarette,THV,Valori in migliaia,2007,2048,,
A,Annuale,IT,Italia,14_FUMO_SIGAR_5,Persone di 14 anni e più fumatori per sigarette fumate: fino a 5 sigarette,THV,Valori in migliaia,2008,2000,,
A,Annuale,IT,Italia,14_FUMO_SIGAR_5,Persone di 14 anni e più fumatori per sigarette fumate: fino a 5 sigarette,THV,Valori in migliaia,2009,2244,,
A,Annuale,IT,Italia,14_FUMO_SIGAR_5,Persone di 14 anni e più fumatori per sigarette fumate: fino a 5 sigarette,THV,Valori in migliaia,2010,2486,,
A,Annuale,IT,Italia,14_FUMO_SIGAR_5,Persone di 14 anni e più fumatori per sigarette fumate: fino a 5 sigarette,THV,Valori in migliaia,2011,2242,,
A,Annuale,IT,Italia,14_FUMO_SIGAR_5,Persone di 14 anni e più fumatori per sigarette fumate: fino a 5 sigarette,THV,Valori in migliaia,2012,2295,,
A,Annuale,IT,Italia,14_FUMO_SIGAR_5,Persone di 14 anni e più fumatori per sigarette fumate: fino a 5 sigarette,THV,Valori in migliaia,2013,2289,,
A,Annuale,IT,Italia,14_FUMO_SIGAR_5,Persone di 14 anni e più fumatori per sigarette fumate: fino a 5 sigarette,THV,Valori in migliaia,2014,2213,,
A,Annuale,IT,Italia,14_FUMO_SIGAR_5,Persone di 14 anni e più fumatori per sigarette fumate: fino a 5 sigarette,THV,Valori in migliaia,2015,2453,,
A,Annuale,IT,Italia,14_FUMO_SIGAR_5,Persone di 14 anni e più fumatori per sigarette fumate: fino a 5 sigarette,THV,Valori in migliaia,2016,2450,,
A,Annuale,IT,Italia,14_FUMO_SIGAR_5,Persone di 14 anni e più fumatori per sigarette fumate: fino a 5 sigarette,THV,Valori in migliaia,2017,2478,,
A,Annuale,IT,Italia,14_FUMO_SIGAR_5,Persone di 14 anni e più fumatori per sigarette fumate: fino a 5 sigarette,THV,Valori in migliaia,2018,2562,,
A,Annuale,IT,Italia,14_FUMO_SIGAR_5,Persone di 14 anni e più fumatori per sigarette fumate: fino a 5 sigarette,THV,Valori in migliaia,2019,2534,,
A,Annuale,IT,Italia,14_FUMO_SIGAR_5,Persone di 14 anni e più fumatori per sigarette fumate: fino a 5 sigarette,THV,Valori in migliaia,2020,2603,,
A,Annuale,IT,Italia,14_FUMO_SIGAR_5,Persone di 14 anni e più fumatori per sigarette fumate: fino a 5 sigarette,THV,Valori in migliaia,2021,2602,,
A,Annuale,IT,Italia,14_FUMO_SIGAR_5,Persone di 14 anni e più fumatori per sigarette fumate: fino a 5 sigarette,THV,Valori in migliaia,2022,2611,,
A,Annuale,IT,Italia,14_FUMO_SIGAR_5,Persone di 14 anni e più fumatori per sigarette fumate: fino a 5 sigarette,THV,Valori in migliaia,2023,2624,,
A,Annuale,IT,Italia,14_FUMO_SIGAR_5,Persone di 14 anni e più fumatori per sigarette fumate: fino a 5 sigarette,THV,Valori in migliaia,2024,2674,,
A,Annuale,IT,Italia,14_FUMO_SIGAR_5,Persone di 14 anni e più fumatori per sigarette fumate: fino a 5 sigarette,HSC,Per 100 persone con le stesse caratteristiche,2001,15,,
A,Annuale,IT,Italia,14_FUMO_SIGAR_5,Persone di 14 anni e più fumatori per sigarette fumate: fino a 5 sigarette,HSC,Per 100 persone con le stesse caratteristiche,2002,16,,
A,Annuale,IT,Italia,14_FUMO_SIGAR_5,Persone di 14 anni e più fumatori per sigarette fumate: fino a 5 sigarette,HSC,Per 100 persone con le stesse caratteristiche,2003,17.3,,
A,Annuale,IT,Italia,14_FUMO_SIGAR_5,Persone di 14 anni e più fumatori per sigarette fumate: fino a 5 sigarette,HSC,Per 100 persone con le stesse caratteristiche,2005,19.5,,
A,Annuale,IT,Italia,14_FUMO_SIGAR_5,Persone di 14 anni e più fumatori per sigarette fumate: fino a 5 sigarette,HSC,Per 100 persone con le stesse caratteristiche,2006,18.4,,
A,Annuale,IT,Italia,14_FUMO_SIGAR_5,Persone di 14 anni e più fumatori per sigarette fumate: fino a 5 sigarette,HSC,Per 100 persone con le stesse caratteristiche,2007,18.4,,
A,Annuale,IT,Italia,14_FUMO_SIGAR_5,Persone di 14 anni e più fumatori per sigarette fumate: fino a 5 sigarette,HSC,Per 100 persone con le stesse caratteristiche,2008,17.9,,
A,Annuale,IT,Italia,14_FUMO_SIGAR_5,Persone di 14 anni e più fumatori per sigarette fumate: fino a 5 sigarette,HSC,Per 100 persone con le stesse caratteristiche,2009,19.1,,
A,Annuale,IT,Italia,14_FUMO_SIGAR_5,Persone di 14 anni e più fumatori per sigarette fumate: fino a 5 sigarette,HSC,Per 100 persone con le stesse caratteristiche,2010,21.3,,
A,Annuale,IT,Italia,14_FUMO_SIGAR_5,Persone di 14 anni e più fumatori per sigarette fumate: fino a 5 sigarette,HSC,Per 100 persone con le stesse caratteristiche,2011,19.9,,
A,Annuale,IT,Italia,14_FUMO_SIGAR_5,Persone di 14 anni e più fumatori per sigarette fumate: fino a 5 sigarette,HSC,Per 100 persone con le stesse caratteristiche,2012,20.6,,
A,Annuale,IT,Italia,14_FUMO_SIGAR_5,Persone di 14 anni e più fumatori per sigarette fumate: fino a 5 sigarette,HSC,Per 100 persone con le stesse caratteristiche,2013,21.4,,
A,Annuale,IT,Italia,14_FUMO_SIGAR_5,Persone di 14 anni e più fumatori per sigarette fumate: fino a 5 sigarette,HSC,Per 100 persone con le stesse caratteristiche,2014,22.1,,
A,Annuale,IT,Italia,14_FUMO_SIGAR_5,Persone di 14 anni e più fumatori per sigarette fumate: fino a 5 sigarette,HSC,Per 100 persone con le stesse caratteristiche,2015,24.3,,
A,Annuale,IT,Italia,14_FUMO_SIGAR_5,Persone di 14 anni e più fumatori per sigarette fumate: fino a 5 sigarette,HSC,Per 100 persone con le stesse caratteristiche,2016,24.2,,
A,Annuale,IT,Italia,14_FUMO_SIGAR_5,Persone di 14 anni e più fumatori per sigarette fumate: fino a 5 sigarette,HSC,Per 100 persone con le stesse caratteristiche,2017,24.5,,
A,Annuale,IT,Italia,14_FUMO_SIGAR_5,Persone di 14 anni e più fumatori per sigarette fumate: fino a 5 sigarette,HSC,Per 100 persone con le stesse caratteristiche,2018,26.2,,
A,Annuale,IT,Italia,14_FUMO_SIGAR_5,Persone di 14 anni e più fumatori per sigarette fumate: fino a 5 sigarette,HSC,Per 100 persone con le stesse caratteristiche,2019,26.8,,
A,Annuale,IT,Italia,14_FUMO_SIGAR_5,Persone di 14 anni e più fumatori per sigarette fumate: fino a 5 sigarette,HSC,Per 100 persone con le stesse caratteristiche,2020,27.3,,
A,Annuale,IT,Italia,14_FUMO_SIGAR_5,Persone di 14 anni e più fumatori per sigarette fumate: fino a 5 sigarette,HSC,Per 100 persone con le stesse caratteristiche,2021,27,,
A,Annuale,IT,Italia,14_FUMO_SIGAR_5,Persone di 14 anni e più fumatori per sigarette fumate: fino a 5 sigarette,HSC,Per 100 persone con le stesse caratteristiche,2022,26.4,,
A,Annuale,IT,Italia,14_FUMO_SIGAR_5,Persone di 14 anni e più fumatori per sigarette fumate: fino a 5 sigarette,HSC,Per 100 persone con le stesse caratteristiche,2023,27,,
A,Annuale,IT,Italia,14_FUMO_SIGAR_5,Persone di 14 anni e più fumatori per sigarette fumate: fino a 5 sigarette,HSC,Per 100 persone con le stesse caratteristiche,2024,26.7,,
A,Annuale,IT,Italia,14_FUMO_SIGAR_6-10,Persone di 14 anni e più fumatori per sigarette fumate: da 6 a 10 sigarette,THV,Valori in migliaia,2001,3261,,
A,Annuale,IT,Italia,14_FUMO_SIGAR_6-10,Persone di 14 anni e più fumatori per sigarette fumate: da 6 a 10 sigarette,THV,Valori in migliaia,2002,3393,,
A,Annuale,IT,Italia,14_FUMO_SIGAR_6-10,Persone di 14 anni e più fumatori per sigarette fumate: da 6 a 10 sigarette,THV,Valori in migliaia,2003,3290,,
A,Annuale,IT,Italia,14_FUMO_SIGAR_6-10,Persone di 14 anni e più fumatori per sigarette fumate: da 6 a 10 sigarette,THV,Valori in migliaia,2005,3272,,
A,Annuale,IT,Italia,14_FUMO_SIGAR_6-10,Persone di 14 anni e più fumatori per sigarette fumate: da 6 a 10 sigarette,THV,Valori in migliaia,2006,3458,,
A,Annuale,IT,Italia,14_FUMO_SIGAR_6-10,Persone di 14 anni e più fumatori per sigarette fumate: da 6 a 10 sigarette,THV,Valori in migliaia,2007,3368,,
A,Annuale,IT,Italia,14_FUMO_SIGAR_6-10,Persone di 14 anni e più fumatori per sigarette fumate: da 6 a 10 sigarette,THV,Valori in migliaia,2008,3454,,
A,Annuale,IT,Italia,14_FUMO_SIGAR_6-10,Persone di 14 anni e più fumatori per sigarette fumate: da 6 a 10 sigarette,THV,Valori in migliaia,2009,3573,,
A,Annuale,IT,Italia,14_FUMO_SIGAR_6-10,Persone di 14 anni e più fumatori per sigarette fumate: da 6 a 10 sigarette,THV,Valori in migliaia,2010,3623,,
A,Annuale,IT,Italia,14_FUMO_SIGAR_6-10,Persone di 14 anni e più fumatori per sigarette fumate: da 6 a 10 sigarette,THV,Valori in migliaia,2011,3651,,
A,Annuale,IT,Italia,14_FUMO_SIGAR_6-10,Persone di 14 anni e più fumatori per sigarette fumate: da 6 a 10 sigarette,THV,Valori in migliaia,2012,3689,,
A,Annuale,IT,Italia,14_FUMO_SIGAR_6-10,Persone di 14 anni e più fumatori per sigarette fumate: da 6 a 10 sigarette,THV,Valori in migliaia,2013,3822,,
A,Annuale,IT,Italia,14_FUMO_SIGAR_6-10,Persone di 14 anni e più fumatori per sigarette fumate: da 6 a 10 sigarette,THV,Valori in migliaia,2014,3458,,
A,Annuale,IT,Italia,14_FUMO_SIGAR_6-10,Persone di 14 anni e più fumatori per sigarette fumate: da 6 a 10 sigarette,THV,Valori in migliaia,2015,3521,,
A,Annuale,IT,Italia,14_FUMO_SIGAR_6-10,Persone di 14 anni e più fumatori per sigarette fumate: da 6 a 10 sigarette,THV,Valori in migliaia,2016,3592,,
A,Annuale,IT,Italia,14_FUMO_SIGAR_6-10,Persone di 14 anni e più fumatori per sigarette fumate: da 6 a 10 sigarette,THV,Valori in migliaia,2017,3564,,
A,Annuale,IT,Italia,14_FUMO_SIGAR_6-10,Persone di 14 anni e più fumatori per sigarette fumate: da 6 a 10 sigarette,THV,Valori in migliaia,2018,3496,,
A,Annuale,IT,Italia,14_FUMO_SIGAR_6-10,Persone di 14 anni e più fumatori per sigarette fumate: da 6 a 10 sigarette,THV,Valori in migliaia,2019,3339,,
A,Annuale,IT,Italia,14_FUMO_SIGAR_6-10,Persone di 14 anni e più fumatori per sigarette fumate: da 6 a 10 sigarette,THV,Valori in migliaia,2020,3476,,
A,Annuale,IT,Italia,14_FUMO_SIGAR_6-10,Persone di 14 anni e più fumatori per sigarette fumate: da 6 a 10 sigarette,THV,Valori in migliaia,2021,3508,,
A,Annuale,IT,Italia,14_FUMO_SIGAR_6-10,Persone di 14 anni e più fumatori per sigarette fumate: da 6 a 10 sigarette,THV,Valori in migliaia,2022,3658,,
A,Annuale,IT,Italia,14_FUMO_SIGAR_6-10,Persone di 14 anni e più fumatori per sigarette fumate: da 6 a 10 sigarette,THV,Valori in migliaia,2023,3519,,
A,Annuale,IT,Italia,14_FUMO_SIGAR_6-10,Persone di 14 anni e più fumatori per sigarette fumate: da 6 a 10 sigarette,THV,Valori in migliaia,2024,3739,,
A,Annuale,IT,Italia,14_FUMO_SIGAR_6-10,Persone di 14 anni e più fumatori per sigarette fumate: da 6 a 10 sigarette,HSC,Per 100 persone con le stesse caratteristiche,2001,28.7,,
A,Annuale,IT,Italia,14_FUMO_SIGAR_6-10,Persone di 14 anni e più fumatori per sigarette fumate: da 6 a 10 sigarette,HSC,Per 100 persone con le stesse caratteristiche,2002,30.6,,
A,Annuale,IT,Italia,14_FUMO_SIGAR_6-10,Persone di 14 anni e più fumatori per sigarette fumate: da 6 a 10 sigarette,HSC,Per 100 persone con le stesse caratteristiche,2003,28.7,,
A,Annuale,IT,Italia,14_FUMO_SIGAR_6-10,Persone di 14 anni e più fumatori per sigarette fumate: da 6 a 10 sigarette,HSC,Per 100 persone con le stesse caratteristiche,2005,30.2,,
A,Annuale,IT,Italia,14_FUMO_SIGAR_6-10,Persone di 14 anni e più fumatori per sigarette fumate: da 6 a 10 sigarette,HSC,Per 100 persone con le stesse caratteristiche,2006,30.7,,
A,Annuale,IT,Italia,14_FUMO_SIGAR_6-10,Persone di 14 anni e più fumatori per sigarette fumate: da 6 a 10 sigarette,HSC,Per 100 persone con le stesse caratteristiche,2007,30.3,,
A,Annuale,IT,Italia,14_FUMO_SIGAR_6-10,Persone di 14 anni e più fumatori per sigarette fumate: da 6 a 10 sigarette,HSC,Per 100 persone con le stesse caratteristiche,2008,30.9,,
A,Annuale,IT,Italia,14_FUMO_SIGAR_6-10,Persone di 14 anni e più fumatori per sigarette fumate: da 6 a 10 sigarette,HSC,Per 100 persone con le stesse caratteristiche,2009,30.5,,
A,Annuale,IT,Italia,14_FUMO_SIGAR_6-10,Persone di 14 anni e più fumatori per sigarette fumate: da 6 a 10 sigarette,HSC,Per 100 persone con le stesse caratteristiche,2010,31,,
A,Annuale,IT,Italia,14_FUMO_SIGAR_6-10,Persone di 14 anni e più fumatori per sigarette fumate: da 6 a 10 sigarette,HSC,Per 100 persone con le stesse caratteristiche,2011,32.4,,
A,Annuale,IT,Italia,14_FUMO_SIGAR_6-10,Persone di 14 anni e più fumatori per sigarette fumate: da 6 a 10 sigarette,HSC,Per 100 persone con le stesse caratteristiche,2012,33.1,,
A,Annuale,IT,Italia,14_FUMO_SIGAR_6-10,Persone di 14 anni e più fumatori per sigarette fumate: da 6 a 10 sigarette,HSC,Per 100 persone con le stesse caratteristiche,2013,35.8,,
A,Annuale,IT,Italia,14_FUMO_SIGAR_6-10,Persone di 14 anni e più fumatori per sigarette fumate: da 6 a 10 sigarette,HSC,Per 100 persone con le stesse caratteristiche,2014,34.6,,
A,Annuale,IT,Italia,14_FUMO_SIGAR_6-10,Persone di 14 anni e più fumatori per sigarette fumate: da 6 a 10 sigarette,HSC,Per 100 persone con le stesse caratteristiche,2015,34.9,,
A,Annuale,IT,Italia,14_FUMO_SIGAR_6-10,Persone di 14 anni e più fumatori per sigarette fumate: da 6 a 10 sigarette,HSC,Per 100 persone con le stesse caratteristiche,2016,35.5,,
A,Annuale,IT,Italia,14_FUMO_SIGAR_6-10,Persone di 14 anni e più fumatori per sigarette fumate: da 6 a 10 sigarette,HSC,Per 100 persone con le stesse caratteristiche,2017,35.2,,
A,Annuale,IT,Italia,14_FUMO_SIGAR_6-10,Persone di 14 anni e più fumatori per sigarette fumate: da 6 a 10 sigarette,HSC,Per 100 persone con le stesse caratteristiche,2018,35.7,,
A,Annuale,IT,Italia,14_FUMO_SIGAR_6-10,Persone di 14 anni e più fumatori per sigarette fumate: da 6 a 10 sigarette,HSC,Per 100 persone con le stesse caratteristiche,2019,35.3,,
A,Annuale,IT,Italia,14_FUMO_SIGAR_6-10,Persone di 14 anni e più fumatori per sigarette fumate: da 6 a 10 sigarette,HSC,Per 100 persone con le stesse caratteristiche,2020,36.4,,
A,Annuale,IT,Italia,14_FUMO_SIGAR_6-10,Persone di 14 anni e più fumatori per sigarette fumate: da 6 a 10 sigarette,HSC,Per 100 persone con le stesse caratteristiche,2021,36.4,,
A,Annuale,IT,Italia,14_FUMO_SIGAR_6-10,Persone di 14 anni e più fumatori per sigarette fumate: da 6 a 10 sigarette,HSC,Per 100 persone con le stesse caratteristiche,2022,37,,
A,Annuale,IT,Italia,14_FUMO_SIGAR_6-10,Persone di 14 anni e più fumatori per sigarette fumate: da 6 a 10 sigarette,HSC,Per 100 persone con le stesse caratteristiche,2023,36.2,,
A,Annuale,IT,Italia,14_FUMO_SIGAR_6-10,Persone di 14 anni e più fumatori per sigarette fumate: da 6 a 10 sigarette,HSC,Per 100 persone con le stesse caratteristiche,2024,37.3,,
A,Annuale,IT,Italia,14_FUMO_SIGAR_11-20,Persone di 14 anni e più fumatori per sigarette fumate: da 11 a 20 sigarette,THV,Valori in migliaia,2001,5156,,
A,Annuale,IT,Italia,14_FUMO_SIGAR_11-20,Persone di 14 anni e più fumatori per sigarette fumate: da 11 a 20 sigarette,THV,Valori in migliaia,2002,5093,,
A,Annuale,IT,Italia,14_FUMO_SIGAR_11-20,Persone di 14 anni e più fumatori per sigarette fumate: da 11 a 20 sigarette,THV,Valori in migliaia,2003,5041,,
A,Annuale,IT,Italia,14_FUMO_SIGAR_11-20,Persone di 14 anni e più fumatori per sigarette fumate: da 11 a 20 sigarette,THV,Valori in migliaia,2005,4537,,
A,Annuale,IT,Italia,14_FUMO_SIGAR_11-20,Persone di 14 anni e più fumatori per sigarette fumate: da 11 a 20 sigarette,THV,Valori in migliaia,2006,4754,,
A,Annuale,IT,Italia,14_FUMO_SIGAR_11-20,Persone di 14 anni e più fumatori per sigarette fumate: da 11 a 20 sigarette,THV,Valori in migliaia,2007,4749,,
A,Annuale,IT,Italia,14_FUMO_SIGAR_11-20,Persone di 14 anni e più fumatori per sigarette fumate: da 11 a 20 sigarette,THV,Valori in migliaia,2008,4758,,
A,Annuale,IT,Italia,14_FUMO_SIGAR_11-20,Persone di 14 anni e più fumatori per sigarette fumate: da 11 a 20 sigarette,THV,Valori in migliaia,2009,4975,,
A,Annuale,IT,Italia,14_FUMO_SIGAR_11-20,Persone di 14 anni e più fumatori per sigarette fumate: da 11 a 20 sigarette,THV,Valori in migliaia,2010,4830,,
A,Annuale,IT,Italia,14_FUMO_SIGAR_11-20,Persone di 14 anni e più fumatori per sigarette fumate: da 11 a 20 sigarette,THV,Valori in migliaia,2011,4705,,
A,Annuale,IT,Italia,14_FUMO_SIGAR_11-20,Persone di 14 anni e più fumatori per sigarette fumate: da 11 a 20 sigarette,THV,Valori in migliaia,2012,4520,,
A,Annuale,IT,Italia,14_FUMO_SIGAR_11-20,Persone di 14 anni e più fumatori per sigarette fumate: da 11 a 20 sigarette,THV,Valori in migliaia,2013,4117,,
A,Annuale,IT,Italia,14_FUMO_SIGAR_11-20,Persone di 14 anni e più fumatori per sigarette fumate: da 11 a 20 sigarette,THV,Valori in migliaia,2014,3874,,
A,Annuale,IT,Italia,14_FUMO_SIGAR_11-20,Persone di 14 anni e più fumatori per sigarette fumate: da 11 a 20 sigarette,THV,Valori in migliaia,2015,3682,,
A,Annuale,IT,Italia,14_FUMO_SIGAR_11-20,Persone di 14 anni e più fumatori per sigarette fumate: da 11 a 20 sigarette,THV,Valori in migliaia,2016,3727,,
A,Annuale,IT,Italia,14_FUMO_SIGAR_11-20,Persone di 14 anni e più fumatori per sigarette fumate: da 11 a 20 sigarette,THV,Valori in migliaia,2017,3713,,
A,Annuale,IT,Italia,14_FUMO_SIGAR_11-20,Persone di 14 anni e più fumatori per sigarette fumate: da 11 a 20 sigarette,THV,Valori in migliaia,2018,3370,,
A,Annuale,IT,Italia,14_FUMO_SIGAR_11-20,Persone di 14 anni e più fumatori per sigarette fumate: da 11 a 20 sigarette,THV,Valori in migliaia,2019,3242,,
A,Annuale,IT,Italia,14_FUMO_SIGAR_11-20,Persone di 14 anni e più fumatori per sigarette fumate: da 11 a 20 sigarette,THV,Valori in migliaia,2020,3145,,
A,Annuale,IT,Italia,14_FUMO_SIGAR_11-20,Persone di 14 anni e più fumatori per sigarette fumate: da 11 a 20 sigarette,THV,Valori in migliaia,2021,3220,,
A,Annuale,IT,Italia,14_FUMO_SIGAR_11-20,Persone di 14 anni e più fumatori per sigarette fumate: da 11 a 20 sigarette,THV,Valori in migliaia,2022,3304,,
A,Annuale,IT,Italia,14_FUMO_SIGAR_11-20,Persone di 14 anni e più fumatori per sigarette fumate: da 11 a 20 sigarette,THV,Valori in migliaia,2023,3232,,
A,Annuale,IT,Italia,14_FUMO_SIGAR_11-20,Persone di 14 anni e più fumatori per sigarette fumate: da 11 a 20 sigarette,THV,Valori in migliaia,2024,3264,,
A,Annuale,IT,Italia,14_FUMO_SIGAR_11-20,Persone di 14 anni e più fumatori per sigarette fumate: da 11 a 20 sigarette,HSC,Per 100 persone con le stesse caratteristiche,2001,45.4,,
A,Annuale,IT,Italia,14_FUMO_SIGAR_11-20,Persone di 14 anni e più fumatori per sigarette fumate: da 11 a 20 sigarette,HSC,Per 100 persone con le stesse caratteristiche,2002,45.9,,
A,Annuale,IT,Italia,14_FUMO_SIGAR_11-20,Persone di 14 anni e più fumatori per sigarette fumate: da 11 a 20 sigarette,HSC,Per 100 persone con le stesse caratteristiche,2003,43.9,,
A,Annuale,IT,Italia,14_FUMO_SIGAR_11-20,Persone di 14 anni e più fumatori per sigarette fumate: da 11 a 20 sigarette,HSC,Per 100 persone con le stesse caratteristiche,2005,41.9,,
A,Annuale,IT,Italia,14_FUMO_SIGAR_11-20,Persone di 14 anni e più fumatori per sigarette fumate: da 11 a 20 sigarette,HSC,Per 100 persone con le stesse caratteristiche,2006,42.2,,
A,Annuale,IT,Italia,14_FUMO_SIGAR_11-20,Persone di 14 anni e più fumatori per sigarette fumate: da 11 a 20 sigarette,HSC,Per 100 persone con le stesse caratteristiche,2007,42.8,,
A,Annuale,IT,Italia,14_FUMO_SIGAR_11-20,Persone di 14 anni e più fumatori per sigarette fumate: da 11 a 20 sigarette,HSC,Per 100 persone con le stesse caratteristiche,2008,42.5,,
A,Annuale,IT,Italia,14_FUMO_SIGAR_11-20,Persone di 14 anni e più fumatori per sigarette fumate: da 11 a 20 sigarette,HSC,Per 100 persone con le stesse caratteristiche,2009,42.4,,
A,Annuale,IT,Italia,14_FUMO_SIGAR_11-20,Persone di 14 anni e più fumatori per sigarette fumate: da 11 a 20 sigarette,HSC,Per 100 persone con le stesse caratteristiche,2010,41.3,,
A,Annuale,IT,Italia,14_FUMO_SIGAR_11-20,Persone di 14 anni e più fumatori per sigarette fumate: da 11 a 20 sigarette,HSC,Per 100 persone con le stesse caratteristiche,2011,41.7,,
A,Annuale,IT,Italia,14_FUMO_SIGAR_11-20,Persone di 14 anni e più fumatori per sigarette fumate: da 11 a 20 sigarette,HSC,Per 100 persone con le stesse caratteristiche,2012,40.6,,
A,Annuale,IT,Italia,14_FUMO_SIGAR_11-20,Persone di 14 anni e più fumatori per sigarette fumate: da 11 a 20 sigarette,HSC,Per 100 persone con le stesse caratteristiche,2013,38.5,,
A,Annuale,IT,Italia,14_FUMO_SIGAR_11-20,Persone di 14 anni e più fumatori per sigarette fumate: da 11 a 20 sigarette,HSC,Per 100 persone con le stesse caratteristiche,2014,38.7,,
A,Annuale,IT,Italia,14_FUMO_SIGAR_11-20,Persone di 14 anni e più fumatori per sigarette fumate: da 11 a 20 sigarette,HSC,Per 100 persone con le stesse caratteristiche,2015,36.5,,
A,Annuale,IT,Italia,14_FUMO_SIGAR_11-20,Persone di 14 anni e più fumatori per sigarette fumate: da 11 a 20 sigarette,HSC,Per 100 persone con le stesse caratteristiche,2016,36.8,,
A,Annuale,IT,Italia,14_FUMO_SIGAR_11-20,Persone di 14 anni e più fumatori per sigarette fumate: da 11 a 20 sigarette,HSC,Per 100 persone con le stesse caratteristiche,2017,36.7,,
A,Annuale,IT,Italia,14_FUMO_SIGAR_11-20,Persone di 14 anni e più fumatori per sigarette fumate: da 11 a 20 sigarette,HSC,Per 100 persone con le stesse caratteristiche,2018,34.4,,
A,Annuale,IT,Italia,14_FUMO_SIGAR_11-20,Persone di 14 anni e più fumatori per sigarette fumate: da 11 a 20 sigarette,HSC,Per 100 persone con le stesse caratteristiche,2019,34.3,,
A,Annuale,IT,Italia,14_FUMO_SIGAR_11-20,Persone di 14 anni e più fumatori per sigarette fumate: da 11 a 20 sigarette,HSC,Per 100 persone con le stesse caratteristiche,2020,33,,
A,Annuale,IT,Italia,14_FUMO_SIGAR_11-20,Persone di 14 anni e più fumatori per sigarette fumate: da 11 a 20 sigarette,HSC,Per 100 persone con le stesse caratteristiche,2021,33.4,,
A,Annuale,IT,Italia,14_FUMO_SIGAR_11-20,Persone di 14 anni e più fumatori per sigarette fumate: da 11 a 20 sigarette,HSC,Per 100 persone con le stesse caratteristiche,2022,33.4,,
A,Annuale,IT,Italia,14_FUMO_SIGAR_11-20,Persone di 14 anni e più fumatori per sigarette fumate: da 11 a 20 sigarette,HSC,Per 100 persone con le stesse caratteristiche,2023,33.2,,
A,Annuale,IT,Italia,14_FUMO_SIGAR_11-20,Persone di 14 anni e più fumatori per sigarette fumate: da 11 a 20 sigarette,HSC,Per 100 persone con le stesse caratteristiche,2024,32.6,,
A,Annuale,IT,Italia,14_FUMO_SIGAR_GE20,Persone di 14 anni e più fumatori per sigarette fumate: oltre 20 sigarette,THV,Valori in migliaia,2001,1154,,
A,Annuale,IT,Italia,14_FUMO_SIGAR_GE20,Persone di 14 anni e più fumatori per sigarette fumate: oltre 20 sigarette,THV,Valori in migliaia,2002,1060,,
A,Annuale,IT,Italia,14_FUMO_SIGAR_GE20,Persone di 14 anni e più fumatori per sigarette fumate: oltre 20 sigarette,THV,Valori in migliaia,2003,990,,
A,Annuale,IT,Italia,14_FUMO_SIGAR_GE20,Persone di 14 anni e più fumatori per sigarette fumate: oltre 20 sigarette,THV,Valori in migliaia,2005,796,,
A,Annuale,IT,Italia,14_FUMO_SIGAR_GE20,Persone di 14 anni e più fumatori per sigarette fumate: oltre 20 sigarette,THV,Valori in migliaia,2006,842,,
A,Annuale,IT,Italia,14_FUMO_SIGAR_GE20,Persone di 14 anni e più fumatori per sigarette fumate: oltre 20 sigarette,THV,Valori in migliaia,2007,785,,
A,Annuale,IT,Italia,14_FUMO_SIGAR_GE20,Persone di 14 anni e più fumatori per sigarette fumate: oltre 20 sigarette,THV,Valori in migliaia,2008,851,,
A,Annuale,IT,Italia,14_FUMO_SIGAR_GE20,Persone di 14 anni e più fumatori per sigarette fumate: oltre 20 sigarette,THV,Valori in migliaia,2009,788,,
A,Annuale,IT,Italia,14_FUMO_SIGAR_GE20,Persone di 14 anni e più fumatori per sigarette fumate: oltre 20 sigarette,THV,Valori in migliaia,2010,742,,
A,Annuale,IT,Italia,14_FUMO_SIGAR_GE20,Persone di 14 anni e più fumatori per sigarette fumate: oltre 20 sigarette,THV,Valori in migliaia,2011,682,,
A,Annuale,IT,Italia,14_FUMO_SIGAR_GE20,Persone di 14 anni e più fumatori per sigarette fumate: oltre 20 sigarette,THV,Valori in migliaia,2012,641,,
A,Annuale,IT,Italia,14_FUMO_SIGAR_GE20,Persone di 14 anni e più fumatori per sigarette fumate: oltre 20 sigarette,THV,Valori in migliaia,2013,462,,
A,Annuale,IT,Italia,14_FUMO_SIGAR_GE20,Persone di 14 anni e più fumatori per sigarette fumate: oltre 20 sigarette,THV,Valori in migliaia,2014,458,,
A,Annuale,IT,Italia,14_FUMO_SIGAR_GE20,Persone di 14 anni e più fumatori per sigarette fumate: oltre 20 sigarette,THV,Valori in migliaia,2015,433,,
A,Annuale,IT,Italia,14_FUMO_SIGAR_GE20,Persone di 14 anni e più fumatori per sigarette fumate: oltre 20 sigarette,THV,Valori in migliaia,2016,352,,
A,Annuale,IT,Italia,14_FUMO_SIGAR_GE20,Persone di 14 anni e più fumatori per sigarette fumate: oltre 20 sigarette,THV,Valori in migliaia,2017,367,,
A,Annuale,IT,Italia,14_FUMO_SIGAR_GE20,Persone di 14 anni e più fumatori per sigarette fumate: oltre 20 sigarette,THV,Valori in migliaia,2018,359,,
A,Annuale,IT,Italia,14_FUMO_SIGAR_GE20,Persone di 14 anni e più fumatori per sigarette fumate: oltre 20 sigarette,THV,Valori in migliaia,2019,332,,
A,Annuale,IT,Italia,14_FUMO_SIGAR_GE20,Persone di 14 anni e più fumatori per sigarette fumate: oltre 20 sigarette,THV,Valori in migliaia,2020,319,,
A,Annuale,IT,Italia,14_FUMO_SIGAR_GE20,Persone di 14 anni e più fumatori per sigarette fumate: oltre 20 sigarette,THV,Valori in migliaia,2021,321,,
A,Annuale,IT,Italia,14_FUMO_SIGAR_GE20,Persone di 14 anni e più fumatori per sigarette fumate: oltre 20 sigarette,THV,Valori in migliaia,2022,307,,
A,Annuale,IT,Italia,14_FUMO_SIGAR_GE20,Persone di 14 anni e più fumatori per sigarette fumate: oltre 20 sigarette,THV,Valori in migliaia,2023,346,,
A,Annuale,IT,Italia,14_FUMO_SIGAR_GE20,Persone di 14 anni e più fumatori per sigarette fumate: oltre 20 sigarette,THV,Valori in migliaia,2024,335,,
A,Annuale,IT,Italia,14_FUMO_SIGAR_GE20,Persone di 14 anni e più fumatori per sigarette fumate: oltre 20 sigarette,HSC,Per 100 persone con le stesse caratteristiche,2001,10.2,,
A,Annuale,IT,Italia,14_FUMO_SIGAR_GE20,Persone di 14 anni e più fumatori per sigarette fumate: oltre 20 sigarette,HSC,Per 100 persone con le stesse caratteristiche,2002,9.6,,
A,Annuale,IT,Italia,14_FUMO_SIGAR_GE20,Persone di 14 anni e più fumatori per sigarette fumate: oltre 20 sigarette,HSC,Per 100 persone con le stesse caratteristiche,2003,8.6,,
A,Annuale,IT,Italia,14_FUMO_SIGAR_GE20,Persone di 14 anni e più fumatori per sigarette fumate: oltre 20 sigarette,HSC,Per 100 persone con le stesse caratteristiche,2005,7.4,,
A,Annuale,IT,Italia,14_FUMO_SIGAR_GE20,Persone di 14 anni e più fumatori per sigarette fumate: oltre 20 sigarette,HSC,Per 100 persone con le stesse caratteristiche,2006,7.5,,
A,Annuale,IT,Italia,14_FUMO_SIGAR_GE20,Persone di 14 anni e più fumatori per sigarette fumate: oltre 20 sigarette,HSC,Per 100 persone con le stesse caratteristiche,2007,7.1,,
A,Annuale,IT,Italia,14_FUMO_SIGAR_GE20,Persone di 14 anni e più fumatori per sigarette fumate: oltre 20 sigarette,HSC,Per 100 persone con le stesse caratteristiche,2008,7.6,,
A,Annuale,IT,Italia,14_FUMO_SIGAR_GE20,Persone di 14 anni e più fumatori per sigarette fumate: oltre 20 sigarette,HSC,Per 100 persone con le stesse caratteristiche,2009,6.7,,
A,Annuale,IT,Italia,14_FUMO_SIGAR_GE20,Persone di 14 anni e più fumatori per sigarette fumate: oltre 20 sigarette,HSC,Per 100 persone con le stesse caratteristiche,2010,6.4,,
A,Annuale,IT,Italia,14_FUMO_SIGAR_GE20,Persone di 14 anni e più fumatori per sigarette fumate: oltre 20 sigarette,HSC,Per 100 persone con le stesse caratteristiche,2011,6,,
A,Annuale,IT,Italia,14_FUMO_SIGAR_GE20,Persone di 14 anni e più fumatori per sigarette fumate: oltre 20 sigarette,HSC,Per 100 persone con le stesse caratteristiche,2012,5.8,,
A,Annuale,IT,Italia,14_FUMO_SIGAR_GE20,Persone di 14 anni e più fumatori per sigarette fumate: oltre 20 sigarette,HSC,Per 100 persone con le stesse caratteristiche,2013,4.3,,
A,Annuale,IT,Italia,14_FUMO_SIGAR_GE20,Persone di 14 anni e più fumatori per sigarette fumate: oltre 20 sigarette,HSC,Per 100 persone con le stesse caratteristiche,2014,4.6,,
A,Annuale,IT,Italia,14_FUMO_SIGAR_GE20,Persone di 14 anni e più fumatori per sigarette fumate: oltre 20 sigarette,HSC,Per 100 persone con le stesse caratteristiche,2015,4.3,,
A,Annuale,IT,Italia,14_FUMO_SIGAR_GE20,Persone di 14 anni e più fumatori per sigarette fumate: oltre 20 sigarette,HSC,Per 100 persone con le stesse caratteristiche,2016,3.5,,
A,Annuale,IT,Italia,14_FUMO_SIGAR_GE20,Persone di 14 anni e più fumatori per sigarette fumate: oltre 20 sigarette,HSC,Per 100 persone con le stesse caratteristiche,2017,3.6,,
A,Annuale,IT,Italia,14_FUMO_SIGAR_GE20,Persone di 14 anni e più fumatori per sigarette fumate: oltre 20 sigarette,HSC,Per 100 persone con le stesse caratteristiche,2018,3.7,,
A,Annuale,IT,Italia,14_FUMO_SIGAR_GE20,Persone di 14 anni e più fumatori per sigarette fumate: oltre 20 sigarette,HSC,Per 100 persone con le stesse caratteristiche,2019,3.5,,
A,Annuale,IT,Italia,14_FUMO_SIGAR_GE20,Persone di 14 anni e più fumatori per sigarette fumate: oltre 20 sigarette,HSC,Per 100 persone con le stesse caratteristiche,2020,3.3,,
A,Annuale,IT,Italia,14_FUMO_SIGAR_GE20,Persone di 14 anni e più fumatori per sigarette fumate: oltre 20 sigarette,HSC,Per 100 persone con le stesse caratteristiche,2021,3.3,,
A,Annuale,IT,Italia,14_FUMO_SIGAR_GE20,Persone di 14 anni e più fumatori per sigarette fumate: oltre 20 sigarette,HSC,Per 100 persone con le stesse caratteristiche,2022,3.1,,
A,Annuale,IT,Italia,14_FUMO_SIGAR_GE20,Persone di 14 anni e più fumatori per sigarette fumate: oltre 20 sigarette,HSC,Per 100 persone con le stesse caratteristiche,2023,3.6,,
A,Annuale,IT,Italia,14_FUMO_SIGAR_GE20,Persone di 14 anni e più fumatori per sigarette fumate: oltre 20 sigarette,HSC,Per 100 persone con le stesse caratteristiche,2024,3.3,,
A,Annuale,IT,Italia,AV14_FUMO_SIGAR,Numero medio di sigarette al giorno (persone di 14 anni e più),HSC,Per 100 persone con le stesse caratteristiche,2001,14.6,,
A,Annuale,IT,Italia,AV14_FUMO_SIGAR,Numero medio di sigarette al giorno (persone di 14 anni e più),HSC,Per 100 persone con le stesse caratteristiche,2002,14.7,,
A,Annuale,IT,Italia,AV14_FUMO_SIGAR,Numero medio di sigarette al giorno (persone di 14 anni e più),HSC,Per 100 persone con le stesse caratteristiche,2003,13.8,,
A,Annuale,IT,Italia,AV14_FUMO_SIGAR,Numero medio di sigarette al giorno (persone di 14 anni e più),HSC,Per 100 persone con le stesse caratteristiche,2005,13.1,,
A,Annuale,IT,Italia,AV14_FUMO_SIGAR,Numero medio di sigarette al giorno (persone di 14 anni e più),HSC,Per 100 persone con le stesse caratteristiche,2006,13.3,,
A,Annuale,IT,Italia,AV14_FUMO_SIGAR,Numero medio di sigarette al giorno (persone di 14 anni e più),HSC,Per 100 persone con le stesse caratteristiche,2007,13.2,,
A,Annuale,IT,Italia,AV14_FUMO_SIGAR,Numero medio di sigarette al giorno (persone di 14 anni e più),HSC,Per 100 persone con le stesse caratteristiche,2008,13.3,,
A,Annuale,IT,Italia,AV14_FUMO_SIGAR,Numero medio di sigarette al giorno (persone di 14 anni e più),HSC,Per 100 persone con le stesse caratteristiche,2009,13,,
A,Annuale,IT,Italia,AV14_FUMO_SIGAR,Numero medio di sigarette al giorno (persone di 14 anni e più),HSC,Per 100 persone con le stesse caratteristiche,2010,12.7,,
A,Annuale,IT,Italia,AV14_FUMO_SIGAR,Numero medio di sigarette al giorno (persone di 14 anni e più),HSC,Per 100 persone con le stesse caratteristiche,2011,12.8,,
A,Annuale,IT,Italia,AV14_FUMO_SIGAR,Numero medio di sigarette al giorno (persone di 14 anni e più),HSC,Per 100 persone con le stesse caratteristiche,2012,12.7,,
A,Annuale,IT,Italia,AV14_FUMO_SIGAR,Numero medio di sigarette al giorno (persone di 14 anni e più),HSC,Per 100 persone con le stesse caratteristiche,2013,12.1,,
A,Annuale,IT,Italia,AV14_FUMO_SIGAR,Numero medio di sigarette al giorno (persone di 14 anni e più),HSC,Per 100 persone con le stesse caratteristiche,2014,12.1,,
A,Annuale,IT,Italia,AV14_FUMO_SIGAR,Numero medio di sigarette al giorno (persone di 14 anni e più),HSC,Per 100 persone con le stesse caratteristiche,2015,11.6,,
A,Annuale,IT,Italia,AV14_FUMO_SIGAR,Numero medio di sigarette al giorno (persone di 14 anni e più),HSC,Per 100 persone con le stesse caratteristiche,2016,11.5,,
A,Annuale,IT,Italia,AV14_FUMO_SIGAR,Numero medio di sigarette al giorno (persone di 14 anni e più),HSC,Per 100 persone con le stesse caratteristiche,2017,11.5,,
A,Annuale,IT,Italia,AV14_FUMO_SIGAR,Numero medio di sigarette al giorno (persone di 14 anni e più),HSC,Per 100 persone con le stesse caratteristiche,2018,11.1,,
A,Annuale,IT,Italia,AV14_FUMO_SIGAR,Numero medio di sigarette al giorno (persone di 14 anni e più),HSC,Per 100 persone con le stesse caratteristiche,2019,11.1,,
A,Annuale,IT,Italia,AV14_FUMO_SIGAR,Numero medio di sigarette al giorno (persone di 14 anni e più),HSC,Per 100 persone con le stesse caratteristiche,2020,10.9,,
A,Annuale,IT,Italia,AV14_FUMO_SIGAR,Numero medio di sigarette al giorno (persone di 14 anni e più),HSC,Per 100 persone con le stesse caratteristiche,2021,11,,
A,Annuale,IT,Italia,AV14_FUMO_SIGAR,Numero medio di sigarette al giorno (persone di 14 anni e più),HSC,Per 100 persone con le stesse caratteristiche,2022,11,,
A,Annuale,IT,Italia,AV14_FUMO_SIGAR,Numero medio di sigarette al giorno (persone di 14 anni e più),HSC,Per 100 persone con le stesse caratteristiche,2023,11,,
A,Annuale,IT,Italia,AV14_FUMO_SIGAR,Numero medio di sigarette al giorno (persone di 14 anni e più),HSC,Per 100 persone con le stesse caratteristiche,2024,10.9,,
